23CN2P1,0.0
23CN2P2,0.0
23CN2P3,0.0
23CN2P4,0.0
26DPAi,0.0
2HXMPt6,0.0
2PGLYCt6,0.0
2PGt6,0.0
2S6HCCi,0.0
3AMBAt2,0.0
3AMPt6,0.0
3CMPt6,0.0
3GMPt6,0.0
3NUCLE1,0.0
3NUCLE2,0.0
3NUCLE3,0.0
3NUCLE4,0.0
3PGt6,0.0
3UMPt6,0.0
5MTRt2,0.0
6PGCt6,0.0
AAMYL_1,0.0
AB6PGH,0.0
ABTA,0.0
ABTt_1,0.0
ABUTD,0.0
MACCOAT,0.0
ACACT1r,0.0041526875
ACACT2r,0.0041526875
ACACT3r,0.0041526875
ACACT4r,0.0041526875
ACACT5r_1,0.0041526875
ACACT6r_1,0.0041526875
ACACT7r,0.003194375
ACACt2,0.0
ACCOAC,0.1510939375
ACGApts,0.0
ACGK,0.011267771218056529
ACGS,0.0
ACHBS,0.03398223628771629
ACKr,0.031125808462430557
ACLDC,0.007228777098178867
ACLS,0.06732839709797672
ACMANAt2,0.0
ACNAMt2,0.0
ACNPLYS,0.0
ACOAD1,0.0041526875
ACOADH2,0.0
ACOAD2,0.0041526875
ACOAD20,0.0
ACOAD3,-0.0041526875
ACOAD4_1,-0.0041526875
ACOAD5_1,-0.0041526875
ACOAD6,-0.0041526875
ACOAD7,-0.003194375
ACODA_1,0.0
ACONT,1.6399143943303052
ACOTA,-0.011267771218056529
ACPS1,0.0
ACPpds,0.0
ACS,0.0
ACS2,0.0
ACTD2,0.007228777098178867
ACTNabc,0.0
ACTNabc1,0.0
ACt2r,0.0
ADADir,0.0
ADCL,5.4476562499999993e-05
ADCS,5.4476562499999993e-05
ADD,0.0
ADEt2,0.0
ADK1,0.43651889321409126
ADK2,0.0
ADMDC,0.0
ADNK1,0.0
ADNt2,0.0
ADPDA,0.031125808462430557
ADPRDP,0.0
ADPT,0.0
ADSK,0.0
ADSL1r,0.01680453526852328
ADSL2r,0.02079113790453965
ADSS,0.01680453526852328
AGDC,0.0
AGMT,0.0
AGPATr_BS,0.015971875
AGPR,-0.011267771218056529
AHCYSNS,0.0
AHMMPS_1,0.0
AHSERL3,0.0
AHSERL4,0.0
AICART,0.027357872552406272
AIRC1,0.02079113790453965
AKGDH,1.5763141596021535
AKGt2r,0.0
AKP1,5.4476562499999993e-05
ALAALAr,0.0151134609375
ALAD_L,0.0
ALAR,0.0523166484375
ALATA_L,-0.09234421446829293
DALAt2r,0.0
ALAt2r,0.0
ALCD19y,0.0
ALCD19_L,0.0
ALCD2y,0.0
ALDD10,0.0
ALDD11,0.0
ALDD12,0.0
ALDD13,0.0
ALDD14,0.0
ALDD15,0.0
ALDD16,0.0
ALDD17,0.0
ALDD18,0.0
ALDD1,0.0
ALDD20x_1,0.0
ALDD2x,0.0
ALDD3,0.0
GLXO1,0.010944287905798607
ALDD31_1,0.0
ALDD32,0.0
ALDD4,0.0
ALDD4x,0.0
ALDD5,0.0
ALDD6,0.0
ALDD7,0.0
ALDD8,0.0
GLYALDDr,0.0
ALDD9,0.0
ALKP,0.0
ALLTNt2r,0.0
ALLTAHr,0.0
ALLTN,0.0
ALTRH,0.0
AMAA,0.0
AMAOTr,0.0
AMMQT7,0.0
AMPt6,0.0
ANPRT,0.004822308232357228
ANS,0.004822308232357228
ANTIMt1,0.0
AOXSr,0.0
APATi,0.031125808462430557
APRAUR,5.882885009683649e-08
APSR,0.011478568949642705
APTA1i,0.031125808462430557
ARABDI,0.0
ARABRr,0.0
ARAB_Dt,0.0
ARAI,0.0
ARBTpts,0.0
ARBabc,0.0
ARBt2r,0.0
ARGDC,0.0
ARGKr,0.0
ARGN_1,0.0
ARGPt6,0.0
ARGSL,0.011267771218056529
ARGSS,0.011267771218056529
ARGabc,0.0
ARGt2r,0.0
ARSENBabc,0.0
ARSENBt2,0.0
ARSNAt1,0.0
ARSt1,0.0
ASAD,-0.08931189299340543
ASNN,0.0
ASNS1,0.009873337870196017
ASNt2r,0.0
ASP1DC,0.0
ASPCT,0.022309019925604637
ASPK,0.08931189299340543
ASPO6,4.785928088206871e-06
ASPO1,0.0
ASPT,0.0
ASPTA,-0.18321560548304827
ASPt2r,0.0
ATPM,9.0
ATPPRT,0.006566734647866622
ATPS4r,15.383901737722143
BETALDHx,0.0
BG_CELLB,0.0
BG_MADG,0.0
BG_MBDG,0.0
BILEt4,0.0
BLACT,0.0
BIOMASS_BS_10,0.0
BTDD_RR,0.0
BTDt6_RR,0.0
BTS_1,0.0
BUTKr,0.0
BUTSabc,0.0
CA2abc1,0.0
CAT,0.016629046879745726
CAt4,0.0
CBL2abc,0.0
CBPS,0.03357679114366117
CD2abc1,0.0
CD2t4,0.0
CDGPT_BS,0.0030875
CDPDSP_BS,0.008312499999999999
CDPMEK,0.0
CELBpts,0.0
CHCOAL,0.0
CHLabc,0.0
CHOLD2,0.0
CHOLSabc_1,0.0
CHORM,0.02342137911307029
CHORS,0.028298163907927516
CHORt2,0.0
CITRt2r,0.0
CITt10,0.0
CITt11,0.0
CITt12,0.0
CITt13,0.0
CITt14,0.0
CITt15,0.0
CITt2r,0.0
CLPNS2_BS,7.421875e-05
CMPt6,0.0
CO2t,-5.140316115701385
CPPPGO,0.0
CRNabc,0.0
CRO4t3,0.0
CS,1.6399143943303052
CSNt2,0.0
CTBTabc,0.0
CTPS1,0.011579065977253942
CTPS2,0.0
CYOO3,9.341228569685626
CYOR3m,9.341228569685626
CYSGLYt2ir,0.0
CYSS_2,0.0
CYSTGL,0.0021030129192694475
CYSTL,0.0
CYSTS,0.0021030129192694475
CYSTabc,0.0
CYSabc,0.0
CYTB_B2,0.0
CYTB_B3,0.0
CYTD,0.0
CYTDK1,8.523388299052068e-06
CYTDK2,0.0
ITCY,0.0
CYTDt2,0.0
CYTK1,0.42821937243469693
CYTK2,0.0
CYTOM,-8.523388299052068e-06
Cut1,0.0
D4DGCD,0.0
DAAOP,0.0
DADK,0.0
DADNK,0.0
DADNt2,0.0
DAGK_BS,0.0
DDPA,0.028298163907927516
DALAOX,0.0
DAPDC,0.016012347524930557
DAPE,0.031125808462430557
DB4PS,1.1765770019367298e-07
DBTS,0.0
DCMPDA,0.0
CMPDAi,0.0
DCYTD,0.0
DCYTt2,0.0
DDGLCNt2r,0.0
DDGLK,0.0
DEXTRINt2,0.0
DGK1,0.00723730048647792
DGNSK,0.00723730048647792
DHAD1,0.060099619999797856
DHAD2,0.0162913125
DHAD3,0.017690923787716285
DHAt,0.0
DHBD,0.0
DHBS,0.0
DHDPRy,0.031125808462430557
DHDPS,0.031125808462430557
FOLR2,0.0
DHFR,0.007075243225868444
DHFS,5.4476562499999993e-05
DHNAOT7,0.0
DHNPA_1,5.4476562499999993e-05
DHORDi,0.022309019925604637
DHORTS,-0.022309019925604637
DHPPDA,5.882885009683649e-08
FOLD3,5.4476562499999993e-05
DHQTi,0.028298163907927516
DHQS,0.028298163907927516
DINSK,0.0
DIPEPabc1,0.0
DIPEPabc10,0.0
DIPEPabc11,0.0
DIPEPabc12,0.0
DIPEPabc13,0.0
DIPEPabc14,0.0
DIPEPabc15,0.0
DIPEPabc2,0.0
DIPEPabc3,0.0
DIPEPabc4,0.0
DIPEPabc5,0.0
DIPEPabc6,0.0
DIPEPabc7,0.0
DIPEPabc8,0.0
DIPEPabc9,0.0
DJENKabc,0.0
DKI,0.0
DKII,0.0
DKMD2K,0.0
DKMD3M,0.0
DM1PE,0.0
DMATT,0.0
DMPPS,0.0
DPCOAK,0.0
DPR,0.0
DRBK,0.0
DRIBabc,0.0
DRPA,-0.007228777098178867
DTMPK,0.007012243275069391
DTMPt6,0.0
DURIK1,0.0
DURIPP,0.0
DUTPDP,0.0
DXPRIi,0.0
DXPS,0.0
ECOAH1_1,0.0041526875
ECOAH2,0.0041526875
ECOAH2c,0.0
ECOAH3,0.0041526875
ECOAH4,0.0041526875
ECOAH5_1,0.0041526875
ECOAH6,0.0041526875
ECOAH7,0.003194375
ECOAH9ir,0.0
ECTOINEabc,0.0
EDA,0.0
ENO,2.4749042144889097
ETHAAL,0.0
ETHAt6,0.0
ETHSabc,0.0
ETOHt3,0.0
FRUK,0.0
F6Pt6_2,0.0
FACOAL140,0.0
FACOAL140_ISO,0.0003194375
FACOAL150_ISO,0.00638875
FACOAL150_anteiso,0.010860875
FACOAL160,0.0
FACOAL160_ISO,0.0015971875
FACOAL161,0.0
FACOAL161_ISO,0.0
FACOAL170_ISO,0.0022360625
FACOAL170_anteiso,0.0054304375
FACOAL171_ISO,-1.9394750562506947e-18
FACOAL171_anteiso,0.0
FACOAL180_2,0.0009583125
FACOAL181,0.0
FBA,1.5125120166089612
FBA2,0.0
FBP,0.0
FCLT_2,0.0
FDH,0.0
FDMO_1,0.0
FDMO1,0.0
FDMO2_1,0.0
FDMO3_1,0.0
FDMO4_1,0.0
FDMO5_1,0.0
FDMO6_1,0.0
FE2abc,0.0
FE3t,0.0
FEDCabc,0.0
FERRICHabc,0.0
FERXAabc,0.0
FFSD,0.0
FGLU_1,0.0
FLVR_1,0.0
FMETDF,0.0
FMETTRS_1,0.0
FMNAT,2.9414425048418244e-08
FMNRy,0.0
FOLt,0.0
FORAMD,0.0
FORt2,0.0
FRTT,0.0
HEX7,0.0
FRUpts,0.0
FTHFD,0.0
FUM,1.6251776039932728
FUMt2r,0.0
G1Dx,0.0
G1PACT,0.06380921813487045
G1PPDM,0.0
G1Pt6_2,0.0
G1SAT,0.0
G3PCT,0.41208760334708494
G3PD1ir,0.4310727595970849
G3PD4,0.0
G3POA_BS,0.015971875
G5SADs,0.011826586750783531
G5SD,0.011826586750783531
G6PDA,0.0
G6PDH2r,0.0
G6PI,0.0
G6Pt6_2,0.0
ABUTt2r,0.0
GALCTD_1,0.0
GALCTRt2,0.0
GALKr,0.0
GALS1,0.0
GALS2,0.0
GALS3,0.0
GALS4,0.0
GALT,0.0
GALTpts,0.0
GALUi,0.0373491015625
GALURt2r,0.0
GALt2,0.0
GAM6Pt,0.0
GAMpts,0.0
GAPD,3.497176876402598
GAPDi_nadp,0.9402574092469479
GARFT,0.008783356120601047
GART,0.012007781783938604
GBBTNabc,0.0
GBEZY,0.0
GCALDD,5.4476562499999993e-05
GF6PTA,0.06380921813487045
GGTAe2,0.0
GGTT,0.0
GHMT2r,0.05360086875833873
GK1,0.00724411113662336
GK2,0.0
GLCNt2ir,0.0
GLCP,0.0
GLCRAL_1,0.0
GLCRD_1,0.0
GLCRt2r,0.0
GLCS1,0.0
GLCURt2r,0.0
GLCpts,1.6546132757409593
GLCt2,0.0
GLGC,0.0
GLNS,0.18042565401996605
GLNabc,0.0
GLTPD,0.0
GLU5K,0.011826586750783531
GLUDxi,0.0
GLUN,0.0
GLUPRT,0.02079113790453965
GLUR,-0.0151134609375
GLUSy,0.0
GLUTRR,0.0
GLUTRS,0.0
GLU_Dt2,0.0
GLUt2r,0.0
GLUt4,0.0
GLXCBL,0.0
GLXt2,0.0
GLY3Pt2,0.0
GLYAT,0.0
GLYBabc,0.0
GLYBt2r,0.0
GLYCK,0.0
GLYCLTt2r,0.0
GLYCOGENt,0.0
GLYCTO1,5.4476562499999993e-05
GLYCt,0.0
GLYK,7.421875e-05
GLYO1,0.010889811343298608
GLYt2r,0.0
GMPR,0.0
GMPS2,0.010553337283882995
GMPt6,0.0
GNKr,0.0
GPDDA1,0.0
GPDDA2,0.0
GPDDA4,0.0
GRTT,0.0
GSNt2,0.0
GTHPe,0.0
GTPCI,5.4476562499999993e-05
GTPCII,5.882885009683649e-08
GTPDPK,0.0
GUAD,0.0
GUAPRT,-0.00723730048647792
GUAt2r,0.0
GUI1,0.0
GUI2,0.0
H2Ot,-7.400142804646603
HACD1_1,0.0041526875
HACD2,0.0041526875
HACD3,0.0041526875
HACD4,0.0041526875
HACD5,0.0041526875
HACD6,0.0041526875
HACD7,0.003194375
HACD9,0.0
HACOADr,0.0
HCO3E,0.38262327666513524
HEMEAS,0.0
HEMECS,0.0
HEMEDS,0.0
HEMEOS_1,0.0
HETZK,0.0
HEX1,0.0
HEXSabc,0.0
HEXTT,0.0
HGt,0.0
HIBD,0.0
HIBHr,0.0
HISDr,0.0
HISTD,0.006566734647866622
HISTP,0.006566734647866622
HISt2r,0.0
HKM1PP,0.0
HMBS,0.0
HMGCOAS,0.0
HMGL,0.0
HMPK1,0.0
HOXPRx,0.0
HP5CD_1,0.0
HPPK,5.4476562499999993e-05
HQNt6,0.0
HSDy,-0.058186084530974874
HSK,0.014828292212885329
HSST,0.04335779231808954
HSTPTr,0.006566734647866622
HXAD,0.0
HXANt2r,0.0
HXPRT,0.0
ICDHyr,1.6399143943303052
ICHORS,0.0
ICHORT,0.0
ICITt10,0.0
ICITt2,0.0
IG3PS_1,0.006566734647866622
IGPDH_1,0.006566734647866622
IGPS,0.004822308232357228
ILEDHr,-0.017690923787716285
ILETA,0.0
ILEt2r,0.0
IMPC,-0.027357872552406272
IMPD,0.010553337283882995
INS2D,0.0
INSCR,0.0
INSTt2,0.0
INSt2,0.0
RAFH,0.0
IPDDI,0.0
IPDPS,0.0
IPDPUPT,0.0
IPMD,0.03719948842894118
IPPMIa,-0.03719948842894118
IPPMIb,-0.03719948842894118
IPPS,0.03719948842894118
ISOMS,0.0
ISTNTabc,0.0
IZPN_1,0.0
KARA1,-0.060099619999797856
KARA2,0.03398223628771629
KAS1,0.0003194375
KAS10,0.0
KAS11,0.0022360625
KAS12,0.0054304375
KAS13,0.0009583125
KAS17,0.0
KAS2,0.0
KAS3,0.00638875
KAS4,0.010860875
KAS5,0.0
KAS6,0.0015971875
KAS7,0.0
KAS8,0.0
KAS9,-1.9394750562506947e-18
Kt2r,0.0
Kt3r,0.0
Kt1,0.0
LAAF,0.0
LAAL1,0.0
LAAL10,0.0
LAAL11,0.0
LAAL12,0.0
LAAL13,0.0
LAAL14,0.0
LAAL15,0.0
LAAL16,0.0
LAAL17,0.0
LAAL18,0.0
LAAL19,0.0
LAAL2,0.0
LAAL20,0.0
LAAL21,0.0
LAAL22,0.0
LAAL23,0.0
LAAL24,0.0
LAAL25,0.0
LAAL26,0.0
LAAL27,0.0
LAAL28,0.0
LAAL29,0.0
LAAL3,0.0
LAAL30,0.0
LAAL31,0.0
LAAL32,0.0
LAAL33,0.0
LAAL34,0.0
LAAL35,0.0
LAAL36,0.0
LAAL37,0.0
LAAL38,0.0
LAAL39,0.0
LAAL4,0.0
LAAL40,0.0
LAAL41,0.0
LAAL42,0.0
LAAL5,0.0
LAAL6,0.0
LAAL7,0.0
LAAL8,0.0
LAAL9,0.0
LACZ,0.0
LANTHabc,0.0
LCADi,0.0
LCTSabc,0.0
LCYSTabc,0.0
LDH2,0.0
LDH_L,0.0
LEUTA,0.5145405073585142
LEUt2r,0.0
LIPO1S24_BS,1.0390625e-06
LIPO2S24_BS,8.90625e-07
LIPO3S24_BS,2.671875e-06
LIPO4S24_BS,2.2265625e-06
LIPTabc,0.0
LLEUDr,-0.5431151832874553
LYSAM,0.0
LYSDC,0.0
LYSLG_BS,0.0003265625
LYSt3r,0.0
L_LACt2r,0.0
M1PD,0.0
MAL6PG,0.0
MALT,0.0
MALTATr,0.0
MALTTRabc,0.0
MALTabc,0.0
MALTpts,0.0
MAL_Dt2,0.0
MALt10,0.0
MALt2r,0.0
MALt4,0.0
MAN1Pt6,0.0
MAN6PI,0.0
MAN6Pt6,0.0
MANAO,0.0
MANpts,0.0
MANt2,0.0
MCA,0.0
MCITS,0.0
MCSNAH,-8.523388299052068e-06
MDH,1.6251776039932728
MDRPD,0.0
MALDDH,0.0
ME2,0.0
MECDPDH2,0.0
MECDPS,0.0
MELIBt2,0.0
MEPCT,0.0
METAT,0.0
METDabc,0.0
METS,0.009375556030373258
METSR_R1,0.0
METSR_R2,0.0
METSR_S1,0.0
METSR_S2,0.0
METSRabc,0.0
METSabc,0.0
METTRS,0.0
METabc,0.0
METt3,0.0
MGSA,0.0
MGt5,-0.0003643748497844759
MI1PP,0.0
MCITL2,0.0
MLTG1,0.0
MLTG2,0.0
MLTG3,0.0
MLTG4,0.0
MLTG5,0.0
MLTG6,0.0
MLTG7,0.0
MMSAD1,0.0
MMSAD2,0.0
MMSAD3,0.0
MMSDHir,0.0
MNLpts,0.0
MNNH,0.0
MNabc,0.0
MNt2,0.0
MOBDabc,0.0
MOHMT,0.0
MOPSabc,0.0
MPL,0.0
MSO3abc,0.0
MTAN,0.0
MTHFC,0.03720454606459703
MTHFD,0.03720454606459703
MTHFR3,0.009375556030373258
MTRI,0.0
MTRK,0.0
NACt,0.0
NADH4,7.764914410083473
NADK,0.0
NADK1,0.0
NADK2,0.0
NADK3,0.0
NADK4,0.0
NADK5,0.0
NADS1,4.785928088206871e-06
NAabcO,0.0
NAt3_1,0.0
NAPRT,0.0
NDPK1,0.5750487954621754
NDPK2,0.1210717795561822
NDPK3,0.42098207194821896
NDPK4,0.007012243275069391
NDPK5,0.00723730048647792
NDPK6,0.0
NDPK7,0.00723730048647792
NDPK8,0.007012243275069391
NDPK9,0.0
NH4t,0.7079520299289139
NMNHYD,0.0
NMNAT,0.0
NNAM,0.0
NNATr,4.785928088206871e-06
NNDPR,4.785928088206871e-06
NO2t2r,0.0
NO2t3,0.0
NO3t2,0.0
NPHS,0.0
NTD1,0.0
NTD10,0.0
NTD2,0.0
NTD3,0.0
NTD4,0.0
NTD5,8.523388299052068e-06
NTD6,0.0
NTD7,0.0
NTD8,0.0
NTD9,0.0
NTR3B,0.0
NTRIR2x,0.0
O2t,4.687243331722559
OCBT_1,0.011267771218056529
OCOAT1,0.0
OIVD1r,0.008624812499999999
OIVD2,0.001916625
OIVD3,0.0162913125
OMCDC,0.03719948842894118
OMPDC,0.022309019925604637
ORNTA_1,0.0
ORNTAC_1,0.011267771218056529
ORNt2,0.0
ORPT,-0.022309019925604637
OXADC,0.010944287905798607
OXGDC,0.0
P5CD,0.0
P5CR,0.011826586750783531
PALAt2,0.0
PANTS,0.0
PAPPT3,0.0151134609375
PAPSR,0.0
PAP_BS,0.004571875
PBUTT,0.0
PC,0.19795239582008065
PDH,1.918009761295938
PENCAC,0.0
PEPt6,0.0
PFK,1.5125120166089612
PFK_2,0.0
PGAMT,-0.06380921813487045
PGCD,0.0820152526667405
GND,0.0
BGLA1,0.0
PGI,1.6172641741784592
PGK,-2.5569194671556503
PGL,0.0
PGLYCP,0.0
PGM,-2.4749042144889097
PGMT,-0.0373491015625
PGMT_B,0.0
PGPPH_BS,0.0030875
PHCYT_BS,0.011399999999999999
PHETA1,-0.015047342893078451
PHEt2r,0.0
PHYT3,0.0
PIabc,0.0
PIt2r,0.4891937928669022
PIt7,0.0
PMANM,0.0
PMDPHT,5.882885009683649e-08
PMPK,0.0
PNTEH,0.0
PNTK,0.0
PNTOt2,0.0
PPA,1.0072470926935664
PPAKr,0.0
PPAt6,0.0
PPBNGS,0.0
PPCDC,0.0
PPCK,0.0
PPCOAC,0.0
PPIabc,0.0
PPM,-8.523388299052068e-06
PPM2,-0.007228777098178867
PPNCL,0.0
PPND,0.008374036219991835
PPNDH,0.015047342893078451
PPPGO,0.0
PPS,0.0
PPTGS_BS,0.0151134609375
PPTT,0.0
PRAGSr,0.02079113790453965
PRAIi,0.004822308232357228
PRAIS_1,0.02079113790453965
PRAMPC_1,0.006566734647866622
PRASCSi,0.02079113790453965
PRATPP,0.006566734647866622
PRFGS_1,0.02079113790453965
URATEt_1,0.0
PRMICI,0.006566734647866622
PRO1x,0.0
PROLBabc,0.0
PROt2r,0.0
PRPPS,0.04725668615197842
PSCVT,0.028298163907927516
PSDC_BS,0.008312499999999999
PSERT,0.0820152526667405
PSER_Dt6,0.0
PSER_Lt6,0.0
PSP_D,0.0
PSP_L,0.0820152526667405
PTA2,0.0
PTAr,-0.031125808462430557
APNPT,0.0
PTHPS,0.0
PTPATi,0.0
PUNP1,0.0
PUNP2,0.0
PUNP3,0.0
PUNP4,-0.00723730048647792
PUNP5,0.0
PUNP6,0.0
PUNP7,0.0
PUNP8,0.0
PURabc1,0.0
PYK,0.7485811499945954
PYNP1,8.523388299052068e-06
PYNP2r,0.0
PYRIS,0.0
PYRt2,0.0
Q23DO,0.0
QULNS,4.785928088206871e-06
RAFFINt2,0.0
RBFK,5.882885009683649e-08
RBFSa,1.1765770019367298e-07
RBFSb,5.882885009683649e-08
RBK_Dr,0.0
RBK,0.0
RBK_L1,0.0
RBP4E,0.0
RHCYS,0.0
RIBFLVt2,0.0
RIBabc,0.0
RIBabc1,0.0
PNP,0.0
RMI,0.0
RMK,0.0
RMNt,0.0
RMPA,0.0
RNDR1,0.007012243275069391
RNDR2,0.0
RNDR3,0.00723730048647792
RNDR4,0.007020766663368444
RPE,-0.040942939434627616
RPI,-0.04094282177692742
S6PG,0.0
SADT,0.011478568949642705
SALADC2,0.0
SALCpts,0.0
SARCOX,0.0
SBTD_D2,0.0
SBTt2,0.0
SDPDS,0.0
SERAT,0.0
SERD_D,0.0
SERD_L,0.0
DSERt2,0.0
SERt2r,0.0
SHCHD2_1,0.0
SHCHF_2,0.0
SHK3Dr,0.028298163907927516
SHKK,0.028298163907927516
SHSL1,0.0
SHSL2,0.011478568949642705
SHSL3,0.0
SHSL4r,0.03187922336844684
SLCYSS,0.0
SO4t2,0.011478568949642705
SPODM,0.0
SORD_D,0.0
SPMDAT1,0.0
SPMDAT3,0.0
SPMDt3i,0.0
SPMS,0.0
SPRMS,0.0
SRB_Lt,0.0
SSALy,0.0
SUCBZL,0.0
SUCBZS,0.0
SUCCt2r,0.0
SUCD1,1.5763141596021535
SUCD5_BS,1.5763141596021535
SUCR,0.0
SUCOAS,-1.5329563672840638
SUCpts,0.0
SULAabc,0.0
SULR_1,-0.011478568949642705
TAGURr,0.0
TALA,-0.006322387763350051
TARTDC,0.0
TARTRDH,0.0
TARTRDH2,0.0
TAURabc,0.0
TECA1S45,0.00817494500493522
TECA2S45,0.0003483828125
TECA3S45,0.0002700078125
TECA4S_BS,0.0004619375
TEICH45,0.0
TGBPA,0.0
THIOGabc,0.0
THMDt2,0.0
THMt6,0.0
THRD,0.0
THRD_L,0.0
THRS,0.014828292212885329
THRt2r,0.0
TKT1,-0.006322387763350051
TKT2,-0.03462055167127757
TMDK1,0.0
TMDPP,8.523388299052068e-06
TMDS,0.007020766663368444
TMN,0.0
TMPHi,0.0
TMPK,0.0
TMPPP,0.0
TMPt6,0.0
TPI,1.0814344710837882
TRDR,0.03274887937455846
TRE6PH,0.0
TREpts,0.0
TRPAS1,0.0
TRPS1,0.004822308232357228
TRPt2r,0.0
TYRTA,-0.008374036219991835
TYRt2r,0.0
UAAGDS,0.0151134609375
UAG2E,0.008793335629935221
UAG2EMA,0.0
UAG4E,0.013858125
UAGCVT,0.0151134609375
UAGDP,0.06380921813487045
UAGPT3,0.0151134609375
UAMAGS,0.0151134609375
UAMAS,0.0151134609375
UAPGR,0.0151134609375
UDCPDP,0.0151134609375
UDPG4E,0.0
UDPGD,0.0
UGLYCH,0.0
UGMDDS,0.0151134609375
UGT1_BS,0.0012765625
UGT2_BS,0.0009796875
UGT_BS,0.002315625
UMPt6,0.0
UNK5,0.0
UPP3MT_2,0.0
UPP3S,0.0
UPPDC1,0.0
UPPRT,0.0
URAt2,0.0
URCN,0.0
UREA,0.0
UREAt,0.0
URIC,0.0
UMPK,0.06469914808961541
URIDK2r_copy1,0.0
URIDK2r_copy2,-0.007020766663368444
URIK1,0.0
URIK2,0.0
URIK3,0.0
URIt2,0.0
VALDHr,0.0
VALTA,-0.020983506570856673
VALt2r,0.0
X00002,0.0
HXAND,0.0
XAND,0.0
XANt2,0.0
XPPT,0.0
XTSNt2,0.0
XYL14BASE,0.0
XYLI1,0.0
XYLI2,0.0
XYLK,0.0
XYLt2,0.0
ZNabc,0.0
ZN2t4,0.0
BALAt2r,0.0
dummy_reaction,0.0
EX_2ddglcn_e,0.0
EX_2hxmp_e,0.0
EX_2pg_e,0.0
EX_2pglyc_e,0.0
EX_3amba_e,0.0
EX_3amp_e,0.0
EX_3cmp_e,0.0
EX_3gmp_e,0.0
EX_3pg_e,0.0
EX_3ump_e,0.0
EX_4abut_e,0.0
EX_5mtr_e,0.0
EX_6pgc_e,0.0
EX_Larab_e,0.0
EX_Lcyst_e,0.0
EX_abt__L_e,0.0
EX_ac_e,0.0
EX_acac_e,0.0
EX_acgam_e,0.0
EX_acmana_e,0.0
EX_acnam_e,0.0
EX_actn__R_e,0.0
EX_ade_e,0.0
EX_adn_e,0.0
EX_akg_e,0.0
EX_ala_B_e,0.0
EX_ala__D_e,0.0
EX_ala_L_Thr__L_e,0.0
EX_ala_L_asp__L_e,0.0
EX_ala__L_e,0.0
EX_ala_L_gln__L_e,0.0
EX_ala_L_glu__L_e,0.0
EX_L_alagly_e,0.0
EX_ala_L_his__L_e,0.0
EX_ala_L_leu__L_e,0.0
EX_alaala_e,0.0
EX_alltn_e,0.0
EX_amp_e,0.0
EX_amylase_e,0.0
EX_antim_e,0.0
EX_arab__D_e,0.0
EX_arab__L_e,0.0
EX_arbt_e,0.0
EX_arg__L_e,0.0
EX_argp_e,0.0
EX_arsenb_e,0.0
EX_arsna_e,0.0
EX_arsni2_e,0.0
EX_asn__L_e,0.0
EX_asp__L_e,0.0
EX_bilea_e,0.0
EX_btd_RR_e,0.0
EX_buts_e,0.0
EX_ca2_e,0.0
EX_cbl2_e,0.0
EX_cd2_e,0.0
EX_cellb_e,0.0
EX_cgly_e,0.0
EX_chitob_e,0.0
EX_chol_e,0.0
EX_chols_e,0.0
EX_chor_e,0.0
EX_cit_e,0.0
EX_citr__L_e,0.0
EX_cmp_e,0.0
EX_co2_e,5.140316115701385
EX_cobalt2_e,0.0
EX_crn_e,0.0
EX_cro4_e,0.0
EX_csn_e,0.0
EX_ctbt_e,0.0
EX_cu2_e,0.0
EX_cys__D_e,0.0
EX_cys__L_e,0.0
EX_cyst__L_e,0.0
EX_cytd_e,0.0
EX_dad_2_e,0.0
EX_dcyt_e,0.0
EX_dextrin_e,0.0
EX_dha_e,0.0
EX_diact_e,0.0
EX_djenk_e,0.0
EX_drib_e,0.0
EX_dtmp_e,0.0
EX_ectoine_e,0.0
EX_etha_e,0.0
EX_eths_e,0.0
EX_etoh_e,0.0
EX_fe2_e,0.0
EX_fe3_e,0.0
EX_ferrich_e,0.0
EX_ferxa_e,0.0
EX_fol_e,0.0
EX_for_e,0.0
EX_fru_e,0.0
EX_fum_e,0.0
EX_g1p_e,0.0
EX_g6p_e,0.0
EX_gal_e,0.0
EX_galctr__D_e,0.0
EX_galt_e,0.0
EX_galur_e,0.0
EX_gam6p_e,0.0
EX_gam_e,0.0
EX_gbbtn_e,0.0
EX_glc__D_e,-1.6546132757409593
EX_glcn__D_e,0.0
EX_glcr_e,0.0
EX_glcur_e,0.0
EX_gln__L_e,0.0
EX_glu__D_e,0.0
EX_glu__L_e,0.0
EX_glx_e,0.0
EX_gly_asn__L_e,0.0
EX_gly_asp__L_e,0.0
EX_gly_e,0.0
EX_gly_gln__L_e,0.0
EX_gly_glu__L_e,0.0
EX_gly_met__L_e,0.0
EX_gly_pro__L_e,0.0
EX_glyb_e,0.0
EX_glyc3p_e,0.0
EX_glyc_e,0.0
EX_glyclt_e,0.0
EX_glycogen_e,0.0
EX_gmp_e,0.0
EX_gsn_e,0.0
EX_gthox_e,0.0
EX_gthrd_e,0.0
EX_gua_e,0.0
EX_h2o2_e,0.0
EX_h2o_e,7.400142804646603
EX_h_e,0.19969235588996614
EX_hexs_e,0.0
EX_hg2_e,0.0
EX_his__L_e,0.0
EX_hqn_e,0.0
EX_hxan_e,0.0
EX_icit_e,0.0
EX_ile__L_e,0.0
EX_inost_e,0.0
EX_ins_e,0.0
EX_istnt_e,0.0
EX_k_e,0.0
EX_lac__L_e,0.0
EX_lanth_e,0.0
EX_lcts_e,0.0
EX_leu__L_e,0.0
EX_lipt_e,0.0
EX_lys__L_e,0.0
EX_madg_e,0.0
EX_mal__D_e,0.0
EX_mal__L_e,0.0
EX_malt_e,0.0
EX_malttr_e,0.0
EX_man1p_e,0.0
EX_man6p_e,0.0
EX_man_e,0.0
EX_mbdg_e,0.0
EX_melib_e,0.0
EX_meoh_e,0.0
EX_met__D_e,0.0
EX_met_L_ala__L_e,0.0
EX_met__L_e,0.0
EX_metox__R_e,0.0
EX_metox_e,0.0
EX_mg2_e,-0.0003643748497844759
EX_mn2_e,0.0
EX_mnl_e,0.0
EX_mobd_e,0.0
EX_mops_e,0.0
EX_mso3_e,0.0
EX_na1_e,0.0
EX_nac_e,0.0
EX_nh4_e,-0.7079520299289139
EX_ni2_e,0.0
EX_no2_e,0.0
EX_no3_e,0.0
EX_o2_e,-4.687243331722559
EX_orn__L_e,0.0
EX_pala_e,0.0
EX_pep_e,0.0
EX_phe__L_e,0.0
EX_pi_e,-0.4891937928669022
EX_pnto__R_e,0.0
EX_ppa_e,0.0
EX_ppi_e,0.0
EX_pro__L_e,0.0
EX_prolb_e,0.0
EX_pser__D_e,0.0
EX_pser__L_e,0.0
EX_pur_e,0.0
EX_pyr_e,0.0
EX_raffin_e,0.0
EX_rib__D_e,0.0
EX_ribflv_e,0.0
EX_rmn_e,0.0
EX_salcn_e,0.0
EX_sbt__D_e,0.0
EX_ser__D_e,0.0
EX_ser__L_e,0.0
EX_so4_e,-0.011478568949642705
EX_spmd_e,0.0
EX_srb__L_e,0.0
EX_starch_e,0.0
EX_subtilisin_e,0.0
EX_succ_e,0.0
EX_sucr_e,0.0
EX_sula_e,0.0
EX_taur_e,0.0
EX_thiog_e,0.0
EX_thr__L_e,0.0
EX_thym_e,0.0
EX_thymd_e,0.0
EX_tmp_e,0.0
EX_tre_e,0.0
EX_trp__L_e,0.0
EX_tyr__L_e,0.0
EX_ump_e,0.0
EX_ura_e,0.0
EX_urate_e,0.0
EX_urea_e,0.0
EX_uri_e,0.0
EX_val__L_e,0.0
EX_xan_e,0.0
EX_xtsn_e,0.0
EX_xyl__D_e,0.0
EX_zn2_e,0.0
EX_f6p_e,0.0
EX_4fe4s_c,0.0
EX_2fe2s_c,-2.9414392871258963e-08
EX_udcpp_c,0.0
EX_mn2_c,-4.350476245343687e-09
EX_pydx5p_c,-2.7503941441095773e-08
DM_RNA_BSU29190,0.0
DM_RNA_BSU29180,1.4034263196325256e-08
DM_RNA_BSU39700,0.0
DM_RNA_BSU39750,0.0
DM_RNA_BSU39740,0.0
DM_RNA_BSU39720,0.0
DM_RNA_BSU39760,0.0
DM_RNA_BSU39670,0.0
DM_RNA_BSU39710,0.0
DM_RNA_BSU39730,0.0
DM_RNA_BSU24310,0.0
DM_RNA_BSU03930,0.0
DM_RNA_BSU10270,0.0
DM_RNA_BSU12910,0.0
DM_RNA_BSU35660,0.0
DM_RNA_BSU04340,0.0
DM_RNA_BSU25200,0.0
DM_RNA_BSU40340,0.0
DM_RNA_BSU40320,0.0
DM_RNA_BSU40330,0.0
DM_RNA_BSU35620,0.0
DM_RNA_BSU26390,0.0
DM_RNA_BSU25760,0.0
DM_RNA_BSU28870,4.6915876053114136e-08
DM_RNA_BSU28860,0.0
DM_RNA_BSU08450,0.0
DM_RNA_BSU08460,0.0
DM_RNA_BSU06660,0.0
DM_RNA_BSU31350,0.0
DM_RNA_BSU16920,0.0
DM_RNA_BSU15990,0.0
DM_RNA_BSU22960,0.0
DM_RNA_BSU02090,0.0
DM_RNA_BSU13560,0.0
DM_RNA_BSU13550,0.0
DM_RNA_BSU35670,0.0
DM_RNA_BSU07830,0.0
DM_RNA_BSU23840,0.0
DM_RNA_BSU32440,0.0
DM_RNA_BSU32430,0.0
DM_RNA_BSU32450,0.0
DM_RNA_BSU32460,0.0
DM_RNA_BSU12020,0.0
DM_RNA_BSU12010,0.0
DM_RNA_BSU17890,0.0
DM_RNA_BSU03010,0.0
DM_RNA_BSU39410,4.4461071455461226e-10
DM_RNA_BSU39420,0.0
DM_RNA_BSU39400,4.4399996423062377e-10
DM_RNA_BSU10520,0.0
DM_RNA_BSU38190,0.0
DM_RNA_BSU38200,0.0
DM_RNA_BSU08440,0.0
DM_RNA_BSU36640,0.0
DM_RNA_BSU36650,0.0
DM_RNA_BSU36660,0.0
DM_RNA_BSU38560,0.0
DM_RNA_BSU38570,0.0
DM_RNA_BSU38590,0.0
DM_RNA_BSU38580,0.0
DM_RNA_BSU29990,0.0
DM_RNA_BSU01530,0.0
DM_RNA_BSU30550,0.0
DM_RNA_BSU09300,0.0
DM_RNA_BSU06230,0.0
DM_RNA_BSU23500,0.0
DM_RNA_BSU23490,2.7571982969736617e-10
DM_RNA_BSU_tRNA_65,0.0
DM_RNA_BSU_rRNA_20,0.0
DM_RNA_BSU_tRNA_59,0.0
DM_RNA_BSU_rRNA_21,0.0
DM_RNA_BSU_tRNA_70,0.0
DM_RNA_BSU_tRNA_63,0.0
DM_RNA_BSU_tRNA_58,0.0
DM_RNA_BSU_tRNA_52,0.0
DM_RNA_BSU_tRNA_57,0.0
DM_RNA_BSU_tRNA_54,0.0
DM_RNA_BSU_tRNA_61,0.0
DM_RNA_BSU_tRNA_64,0.0
DM_RNA_BSU_tRNA_71,0.0
DM_RNA_BSU_tRNA_72,0.0
DM_RNA_BSU_rRNA_19,0.0
DM_RNA_BSU_tRNA_56,0.0
DM_RNA_BSU_tRNA_69,0.0
DM_RNA_BSU_tRNA_66,0.0
DM_RNA_BSU_tRNA_53,0.0
DM_RNA_BSU_tRNA_60,0.0
DM_RNA_BSU_tRNA_62,0.0
DM_RNA_BSU_tRNA_68,0.0
DM_RNA_BSU_tRNA_55,0.0
DM_RNA_BSU_tRNA_67,0.0
DM_RNA_BSU11420,0.0
DM_RNA_BSU37070,0.0
DM_RNA_BSU16470,0.0
DM_RNA_BSU28630,0.0
DM_RNA_BSU09520,0.0
DM_RNA_BSU03000,0.0
DM_RNA_BSU02990,0.0
DM_RNA_BSU02980,0.0
DM_RNA_BSU38990,0.0
DM_RNA_BSU38980,0.0
DM_RNA_BSU37790,0.0
DM_RNA_BSU03330,0.0
DM_RNA_BSU25070,0.0
DM_RNA_BSU05860,0.0
DM_RNA_BSU05820,0.0
DM_RNA_BSU05810,0.0
DM_RNA_BSU05830,0.0
DM_RNA_BSU00140,1.0111192462514595e-10
DM_RNA_BSU00150,0.0
DM_RNA_BSU07920,0.0
DM_RNA_BSU39380,0.0
DM_RNA_BSU39360,0.0
DM_RNA_BSU39350,0.0
DM_RNA_BSU39370,0.0
DM_RNA_BSU39390,0.0
DM_RNA_BSU08070,0.0
DM_RNA_BSU08060,0.0
DM_RNA_BSU33430,0.0
DM_RNA_BSU33440,1.603664516361179e-10
DM_RNA_BSU04000,0.0
DM_RNA_BSU38550,0.0
DM_RNA_BSU40060,0.0
DM_RNA_BSU40070,0.0
DM_RNA_BSU27450,0.0
DM_RNA_BSU27460,0.0
DM_RNA_BSU27430,0.0
DM_RNA_BSU27440,0.0
DM_RNA_BSU01070,0.0
DM_RNA_BSU14630,0.0
DM_RNA_BSU38710,0.0
DM_RNA_BSU27940,0.0
DM_RNA_BSU30540,0.0
DM_RNA_BSU30530,0.0
DM_RNA_BSU14400,0.0
DM_RNA_BSU14390,0.0
DM_RNA_BSU09280,7.705562944659683e-13
DM_RNA_BSU09290,0.0
DM_RNA_BSU30950,0.0
DM_RNA_BSU30970,0.0
DM_RNA_BSU30980,0.0
DM_RNA_BSU30960,0.0
DM_RNA_BSU30940,0.0
DM_RNA_BSU35020,0.0
DM_RNA_BSU35010,0.0
DM_RNA_BSU15140,0.0
DM_RNA_BSU23100,0.0
DM_RNA_BSU00130,0.0
DM_RNA_BSU32830,0.0
DM_RNA_BSU32840,3.3982052201742146e-10
DM_RNA_BSU32820,7.325507620407139e-10
DM_RNA_BSU07500,0.0
DM_RNA_BSU07490,0.0
DM_RNA_BSU07520,0.0
DM_RNA_BSU07510,0.0
DM_RNA_BSU28950,0.0
DM_RNA_BSU17460,0.0
DM_RNA_BSU03300,0.0
DM_RNA_BSU03280,0.0
DM_RNA_BSU03320,0.0
DM_RNA_BSU03310,0.0
DM_RNA_BSU03290,0.0
DM_RNA_BSU23890,0.0
DM_RNA_BSU11720,0.0
DM_RNA_BSU03990,0.0
DM_RNA_BSU03981,0.0
DM_RNA_BSU38110,0.0
DM_RNA_BSU40420,0.0
DM_RNA_BSU33370,0.0
DM_RNA_BSU35730,5.753480839547953e-09
DM_RNA_BSU35720,5.63440189824351e-09
DM_RNA_BSU35740,0.0
DM_RNA_BSU32110,0.0
DM_RNA_BSU01610,0.0
DM_RNA_BSU01620,0.0
DM_RNA_BSU01630,0.0
DM_RNA_BSU22060,0.0
DM_RNA_BSU22070,0.0
DM_RNA_BSU08820,0.0
DM_RNA_BSU01780,0.0
DM_RNA_BSU23080,0.0
DM_RNA_BSU38770,0.0
DM_RNA_BSU25420,0.0
DM_RNA_BSU23450,0.0
DM_RNA_BSU03040,0.0
DM_RNA_BSU39050,0.0
DM_RNA_BSU10170,0.0
DM_RNA_BSU39540,0.0
DM_RNA_BSU03820,0.0
DM_RNA_BSU03800,0.0
DM_RNA_BSU03810,0.0
DM_RNA_BSU03830,0.0
DM_RNA_BSU12380,0.0
DM_RNA_BSU12360,0.0
DM_RNA_BSU12390,0.0
DM_RNA_BSU12330,0.0
DM_RNA_BSU12340,0.0
DM_RNA_BSU12300,0.0
DM_RNA_BSU33400,0.0
DM_RNA_BSU38300,0.0
DM_RNA_BSU38290,0.0
DM_RNA_BSU29660,0.0
DM_RNA_BSU25790,0.0
DM_RNA_BSU13170,0.0
DM_RNA_BSU12840,0.0
DM_RNA_BSU38630,0.0
DM_RNA_BSU27600,0.0
DM_RNA_BSU33830,0.0
DM_RNA_BSU33820,0.0
DM_RNA_BSU33810,0.0
DM_RNA_BSU33800,0.0
DM_RNA_BSU36470,0.0
DM_RNA_BSU15320,0.0
DM_RNA_BSU29620,0.0
DM_RNA_BSU23570,0.0
DM_RNA_BSU23580,0.0
DM_RNA_BSU09840,0.0
DM_RNA_BSU23860,0.0
DM_RNA_BSU36900,0.0
DM_RNA_BSU23250,0.0
DM_RNA_BSU23280,8.244385613960783e-16
DM_RNA_BSU23270,0.0
DM_RNA_BSU23260,5.0154871004439227e-17
DM_RNA_BSU07570,0.0
DM_RNA_BSU31930,0.0
DM_RNA_BSU37490,0.0
DM_RNA_BSU37500,0.0
DM_RNA_BSU17600,0.0
DM_RNA_BSU17610,0.0
DM_RNA_BSU24340,2.110925040125197e-09
DM_RNA_BSU24350,0.0
DM_RNA_BSU02290,1.551940369443086e-10
DM_RNA_BSU02270,0.0
DM_RNA_BSU03790,0.0
DM_RNA_BSU00180,0.0
DM_RNA_BSU08200,0.0
DM_RNA_BSU08180,0.0
DM_RNA_BSU02230,0.0
DM_RNA_BSU33900,1.4352311480988837e-08
DM_RNA_BSU33930,1.2030981024712025e-08
DM_RNA_BSU33940,0.0
DM_RNA_BSU33920,2.1416715933621943e-08
DM_RNA_BSU33910,1.7087364250067697e-08
DM_RNA_BSU39860,0.0
DM_RNA_BSU38270,0.0
DM_RNA_BSU38260,0.0
DM_RNA_BSU38280,0.0
DM_RNA_BSU04030,0.0
DM_RNA_BSU25500,0.0
DM_RNA_BSU00500,0.0
DM_RNA_BSU00510,2.1649192101676527e-08
DM_RNA_BSU00380,0.0
DM_RNA_BSU17680,0.0
DM_RNA_BSU04470,0.0
DM_RNA_BSU30070,0.0
DM_RNA_BSU26690,0.0
DM_RNA_BSU13890,0.0
DM_RNA_BSU13900,0.0
DM_RNA_BSU13910,0.0
DM_RNA_BSU35780,0.0
DM_RNA_BSU30560,0.0
DM_RNA_BSU06240,0.0
DM_RNA_BSU15110,0.0
DM_RNA_BSU09440,0.0
DM_RNA_BSU01770,0.0
DM_RNA_BSU16780,0.0
DM_RNA_BSU36890,0.0
DM_RNA_BSU10140,0.0
DM_RNA_BSU10120,0.0
DM_RNA_BSU10130,0.0
DM_RNA_BSU39020,0.0
DM_RNA_BSU29010,9.092357571111658e-09
DM_RNA_BSU29020,0.0
DM_RNA_BSU24080,0.0
DM_RNA_BSU24090,7.834991090096599e-09
DM_RNA_BSU24060,7.46011222461982e-09
DM_RNA_BSU24030,7.46011222461982e-09
DM_RNA_BSU24050,7.46011222461982e-09
DM_RNA_BSU24040,7.46011222461982e-09
DM_RNA_BSU24070,7.834991090096599e-09
DM_RNA_BSU39450,0.0
DM_RNA_BSU18000,0.0
DM_RNA_BSU29350,0.0
DM_RNA_BSU29360,0.0
DM_RNA_BSU29340,0.0
DM_RNA_BSU29380,0.0
DM_RNA_BSU29300,0.0
DM_RNA_BSU29370,0.0
DM_RNA_BSU29140,2.7538253598394155e-09
DM_RNA_BSU29120,0.0
DM_RNA_BSU29130,6.841449173806927e-09
DM_RNA_BSU11340,0.0
DM_RNA_BSU11330,7.586834182268151e-11
DM_RNA_BSU33700,0.0
DM_RNA_BSU33720,0.0
DM_RNA_BSU33710,0.0
DM_RNA_BSU33730,0.0
DM_RNA_BSU38060,0.0
DM_RNA_BSU18670,0.0
DM_RNA_BSU40110,0.0
DM_RNA_BSU19580,0.0
DM_RNA_BSU13850,0.0
DM_RNA_BSU01730,0.0
DM_RNA_BSU03200,0.0
DM_RNA_BSU30760,0.0
DM_RNA_BSU30750,0.0
DM_RNA_BSU30770,0.0
DM_RNA_BSU30740,0.0
DM_RNA_BSU15200,1.3037645300033848e-09
DM_RNA_BSU15230,0.0
DM_RNA_BSU15180,1.55110283791726e-09
DM_RNA_BSU15220,6.330684986102535e-10
DM_RNA_BSU15190,2.2341725004588236e-10
DM_RNA_BSU28120,0.0
DM_RNA_BSU28150,0.0
DM_RNA_BSU28140,0.0
DM_RNA_BSU28170,0.0
DM_RNA_BSU28130,0.0
DM_RNA_BSU06360,0.0
DM_RNA_BSU13130,0.0
DM_RNA_BSU13120,4.36813360964474e-10
DM_RNA_BSU16650,2.8159148852715926e-11
DM_RNA_BSU16600,2.767001357069633e-11
DM_RNA_BSU16630,0.0
DM_RNA_BSU15930,0.0
DM_RNA_BSU17150,0.0
DM_RNA_BSU36830,0.0
DM_RNA_BSU36850,0.0
DM_RNA_BSU36820,0.0
DM_RNA_BSU36860,0.0
DM_RNA_BSU36870,0.0
DM_RNA_BSU36880,0.0
DM_RNA_BSU36810,0.0
DM_RNA_BSU36800,0.0
DM_RNA_BSU36840,0.0
DM_RNA_BSU02750,0.0
DM_RNA_BSU02760,0.0
DM_RNA_BSU31750,0.0
DM_RNA_BSU37170,0.0
DM_RNA_BSU37160,0.0
DM_RNA_BSU09130,0.0
DM_RNA_BSU07700,0.0
DM_RNA_BSU32130,0.0
DM_RNA_BSU15900,0.0
DM_RNA_BSU15910,0.0
DM_RNA_BSU08030,0.0
DM_RNA_BSU11650,1.5214095169641364e-10
DM_RNA_BSU11670,0.0
DM_RNA_BSU11710,1.5214095169641364e-10
DM_RNA_BSU38050,0.0
DM_RNA_BSU38040,0.0
DM_RNA_BSU18210,0.0
DM_RNA_BSU18220,0.0
DM_RNA_BSU18260,0.0
DM_RNA_BSU18250,0.0
DM_RNA_BSU18230,0.0
DM_RNA_BSU29470,0.0
DM_RNA_BSU13600,0.0
DM_RNA_BSU13620,0.0
DM_RNA_BSU13590,0.0
DM_RNA_BSU13610,0.0
DM_RNA_BSU18800,0.0
DM_RNA_BSU19360,0.0
DM_RNA_BSU19370,0.0
DM_RNA_BSU26590,0.0
DM_RNA_BSU26600,0.0
DM_RNA_BSU35760,0.0
DM_RNA_BSU35750,0.0
DM_RNA_BSU13450,0.0
DM_RNA_BSU15820,0.0
DM_RNA_BSU28640,0.0
DM_RNA_BSU38700,0.0
DM_RNA_BSU27610,0.0
DM_RNA_BSU_tRNA_78,0.0
DM_RNA_BSU_tRNA_75,0.0
DM_RNA_BSU_tRNA_77,0.0
DM_RNA_BSU_tRNA_76,0.0
DM_RNA_BSU_tRNA_74,0.0
DM_RNA_BSU22110,0.0
DM_RNA_BSU22100,0.0
DM_RNA_BSU22090,0.0
DM_RNA_BSU40550,0.0
DM_RNA_BSU36510,0.0
DM_RNA_BSU25290,0.0
DM_RNA_BSU25300,2.976994657244127e-14
DM_RNA_BSU33240,0.0
DM_RNA_BSU06310,0.0
DM_RNA_BSU36760,0.0
DM_RNA_BSU22480,2.2664274759510352e-09
DM_RNA_BSU22440,2.2664274759510352e-09
DM_RNA_BSU22490,0.0
DM_RNA_BSU37150,0.0
DM_RNA_BSU23760,0.0
DM_RNA_BSU23770,0.0
DM_RNA_BSU38830,0.0
DM_RNA_BSU08860,0.0
DM_RNA_BSU08850,0.0
DM_RNA_BSU08840,0.0
DM_RNA_BSU08830,0.0
DM_RNA_BSU28780,0.0
DM_RNA_BSU28750,0.0
DM_RNA_BSU28720,0.0
DM_RNA_BSU28730,0.0
DM_RNA_BSU28790,0.0
DM_RNA_BSU28740,0.0
DM_RNA_BSU28800,0.0
DM_RNA_BSU03070,0.0
DM_RNA_BSU29060,0.0
DM_RNA_BSU37660,0.0
DM_RNA_BSU24740,0.0
DM_RNA_BSU33040,0.0
DM_RNA_BSU18120,0.0
DM_RNA_BSU03860,0.0
DM_RNA_BSU25580,0.0
DM_RNA_BSU34130,0.0
DM_RNA_BSU39920,0.0
DM_RNA_BSU_tRNA_11,0.0
DM_RNA_BSU29680,0.0
DM_RNA_BSU27010,0.0
DM_RNA_BSU27070,0.0
DM_RNA_BSU27050,0.0
DM_RNA_BSU27040,0.0
DM_RNA_BSU27060,0.0
DM_RNA_BSU19800,0.0
DM_RNA_BSU17390,0.0
DM_RNA_BSU17380,0.0
DM_RNA_BSU30200,0.0
DM_RNA_BSU30240,0.0
DM_RNA_BSU30220,0.0
DM_RNA_BSU30210,0.0
DM_RNA_BSU30230,0.0
DM_RNA_BSU21910,0.0
DM_RNA_BSU27870,1.0558252404075278e-14
DM_RNA_BSU27850,1.4620307462734208e-14
DM_RNA_BSU27860,0.0
DM_RNA_BSU28090,0.0
DM_RNA_BSU28080,2.926219104023284e-10
DM_RNA_BSU14730,0.0
DM_RNA_BSU02140,0.0
DM_RNA_BSU02130,0.0
DM_RNA_BSU09410,0.0
DM_RNA_BSU38750,0.0
DM_RNA_BSU38760,0.0
DM_RNA_BSU15630,1.603664516361179e-10
DM_RNA_BSU15590,0.0
DM_RNA_BSU15570,0.0
DM_RNA_BSU15620,1.603664516361179e-10
DM_RNA_BSU15580,0.0
DM_RNA_BSU15610,1.603664516361179e-10
DM_RNA_BSU15600,1.603664516361179e-10
DM_RNA_BSU28450,0.0
DM_RNA_BSU28430,0.0
DM_RNA_BSU28440,0.0
DM_RNA_BSU02490,0.0
DM_RNA_BSU02460,0.0
DM_RNA_BSU02480,0.0
DM_RNA_BSU02510,0.0
DM_RNA_BSU10010,0.0
DM_RNA_BSU_tRNA_18,0.0
DM_RNA_BSU_tRNA_19,0.0
DM_RNA_BSU_rRNA_7,0.0
DM_RNA_BSU_tRNA_20,0.0
DM_RNA_BSU_rRNA_6,0.0
DM_RNA_BSU_tRNA_13,0.0
DM_RNA_BSU_tRNA_15,0.0
DM_RNA_BSU_rRNA_8,0.0
DM_RNA_BSU_tRNA_14,0.0
DM_RNA_BSU_tRNA_17,0.0
DM_RNA_BSU_tRNA_16,0.0
DM_RNA_BSU_tRNA_12,0.0
DM_RNA_BSU16740,3.7637160588212785e-09
DM_RNA_BSU16760,2.5159445438274245e-09
DM_RNA_BSU16770,2.221950523139083e-09
DM_RNA_BSU16750,0.0
DM_RNA_BSU16730,3.7637160588212785e-09
DM_RNA_BSU28510,0.0
DM_RNA_BSU36920,0.0
DM_RNA_BSU03060,0.0
DM_RNA_BSU03050,0.0
DM_RNA_BSU07610,0.0
DM_RNA_BSU29210,0.0
DM_RNA_BSU29200,0.0
DM_RNA_BSU39060,0.0
DM_RNA_BSU24120,1.6639233208847778e-10
DM_RNA_BSU24160,1.6639233208847778e-10
DM_RNA_BSU24130,1.6639233208847778e-10
DM_RNA_BSU24140,1.6639233208847778e-10
DM_RNA_BSU24170,0.0
DM_RNA_BSU24150,0.0
DM_RNA_BSU10790,0.0
DM_RNA_BSU04740,0.0
DM_RNA_BSU04730,5.231606546156081e-09
DM_RNA_BSU39260,0.0
DM_RNA_BSU39270,0.0
DM_RNA_BSU08000,0.0
DM_RNA_BSU_tRNA_5,0.0
DM_RNA_BSU_rRNA_2,0.0
DM_RNA_BSU_tRNA_6,0.0
DM_RNA_BSU_rRNA_3,0.0
DM_RNA_BSU_rRNA_1,0.0
DM_RNA_BSU38500,0.0
DM_RNA_BSU38530,0.0
DM_RNA_BSU38520,0.0
DM_RNA_BSU38510,0.0
DM_RNA_BSU07840,0.0
DM_RNA_BSU29670,0.0
DM_RNA_BSU00410,0.0
DM_RNA_BSU40190,0.0
DM_RNA_BSU34190,0.0
DM_RNA_BSU29790,0.0
DM_RNA_BSU00790,2.1806755083277576e-10
DM_RNA_BSU00740,2.1775174318235406e-10
DM_RNA_BSU00770,2.182556538549376e-10
DM_RNA_BSU00750,1.50379541707462e-10
DM_RNA_BSU00810,2.1914523462032855e-10
DM_RNA_BSU00820,0.0
DM_RNA_BSU00760,2.1843981760996737e-10
DM_RNA_BSU00780,2.1680061840084746e-10
DM_RNA_BSU35290,0.0
DM_RNA_BSU05740,0.0
DM_RNA_BSU14580,3.7075126210252325e-08
DM_RNA_BSU14590,3.7075126210252325e-08
DM_RNA_BSU14600,3.7075126210252325e-08
DM_RNA_BSU14610,0.0
DM_RNA_BSU18470,0.0
DM_RNA_BSU15560,0.0
DM_RNA_BSU15480,1.3605894970957736e-09
DM_RNA_BSU15500,5.448452270407552e-10
DM_RNA_BSU15540,7.127646340279732e-10
DM_RNA_BSU15510,1.3605894970957736e-09
DM_RNA_BSU15520,1.3605894970957736e-09
DM_RNA_BSU15550,9.827067185471278e-11
DM_RNA_BSU15490,3.335129028773428e-10
DM_RNA_BSU15530,7.127646340279732e-10
DM_RNA_BSU02390,0.0
DM_RNA_BSU15980,0.0
DM_RNA_BSU02420,0.0
DM_RNA_BSU02430,0.0
DM_RNA_BSU31322,0.0
DM_RNA_BSU31980,0.0
DM_RNA_BSU31990,0.0
DM_RNA_BSU32000,0.0
DM_RNA_BSU31970,0.0
DM_RNA_BSU38860,0.0
DM_RNA_BSU07990,0.0
DM_RNA_BSU07800,0.0
DM_RNA_BSU07810,0.0
DM_RNA_BSU03130,0.0
DM_RNA_BSU35570,0.0
DM_RNA_BSU35609,0.0
DM_RNA_BSU35580,0.0
DM_RNA_BSU35550,0.0
DM_RNA_BSU35590,0.0
DM_RNA_BSU35600,0.0
DM_RNA_BSU35540,0.0
DM_RNA_BSU32410,0.0
DM_RNA_BSU33960,0.0
DM_RNA_BSU19350,0.0
DM_RNA_BSU39610,0.0
DM_RNA_BSU26970,0.0
DM_RNA_BSU00730,0.0
DM_RNA_BSU21870,0.0
DM_RNA_BSU30320,0.0
DM_RNA_BSU27810,0.0
DM_RNA_BSU14900,0.0
DM_RNA_BSU14910,0.0
DM_RNA_BSU14920,0.0
DM_RNA_BSU14890,0.0
DM_RNA_BSU14880,1.0482304129012398e-06
DM_RNA_BSU22780,0.0
DM_RNA_BSU06440,5.255200603417433e-10
DM_RNA_BSU06480,1.1956934883125706e-09
DM_RNA_BSU06450,0.0
DM_RNA_BSU06430,1.4861653255124508e-09
DM_RNA_BSU06420,1.1956934883125706e-09
DM_RNA_BSU06510,9.152264067575167e-10
DM_RNA_BSU06530,7.101067479181528e-10
DM_RNA_BSU06500,5.840705335649006e-10
DM_RNA_BSU06490,7.836485112186933e-10
DM_RNA_BSU06520,2.3043202355958128e-10
DM_RNA_BSU06470,1.4861653255124508e-09
DM_RNA_BSU12290,0.0
DM_RNA_BSU14530,7.986041104071487e-10
DM_RNA_BSU14540,0.0
DM_RNA_BSU13580,0.0
DM_RNA_BSU28470,0.0
DM_RNA_BSU31630,0.0
DM_RNA_BSU31640,0.0
DM_RNA_BSU31650,0.0
DM_RNA_BSU31660,0.0
DM_RNA_BSU31620,0.0
DM_RNA_BSU31610,0.0
DM_RNA_BSU04520,0.0
DM_RNA_BSU35790,0.0
DM_RNA_BSU14870,0.0
DM_RNA_BSU37780,0.0
DM_RNA_BSU37760,0.0
DM_RNA_BSU03900,0.0
DM_RNA_BSU03910,0.0
DM_RNA_BSU24950,0.0
DM_RNA_BSU24990,0.0
DM_RNA_BSU24970,0.0
DM_RNA_BSU24980,0.0
DM_RNA_BSU24960,0.0
DM_RNA_BSU18450,0.0
DM_RNA_BSU18440,0.0
DM_RNA_BSU00120,0.0
DM_RNA_BSU00110,0.0
DM_RNA_BSU39980,0.0
DM_RNA_BSU29750,0.0
DM_RNA_BSU25710,0.0
DM_RNA_BSU21680,0.0
DM_RNA_BSU30300,0.0
DM_RNA_BSU27120,0.0
DM_RNA_BSU00980,0.0
DM_RNA_BSU35950,0.0
DM_RNA_BSU35920,0.0
DM_RNA_BSU35940,0.0
DM_RNA_BSU35960,0.0
DM_RNA_BSU35930,0.0
DM_RNA_BSU06020,0.0
DM_RNA_BSU06030,0.0
DM_RNA_BSU30830,0.0
DM_RNA_BSU30820,0.0
DM_RNA_BSU30800,0.0
DM_RNA_BSU30790,0.0
DM_RNA_BSU30780,0.0
DM_RNA_BSU38020,0.0
DM_RNA_BSU06370,0.0
DM_RNA_BSU22620,8.226520316134922e-10
DM_RNA_BSU22640,9.070992737163551e-10
DM_RNA_BSU22610,7.265480937269037e-10
DM_RNA_BSU22660,7.967625273555263e-10
DM_RNA_BSU22680,1.0566384249285267e-09
DM_RNA_BSU22600,0.0
DM_RNA_BSU22670,8.429839587053817e-10
DM_RNA_BSU22650,7.673791301829602e-10
DM_RNA_BSU22630,9.070992737163551e-10
DM_RNA_BSU13300,0.0
DM_RNA_BSU28280,4.088202140005929e-09
DM_RNA_BSU28300,5.2576496329317996e-09
DM_RNA_BSU28290,0.0
DM_RNA_BSU28270,3.7481973355573636e-09
DM_RNA_BSU28250,3.7910177863926164e-09
DM_RNA_BSU28310,5.2576496329317996e-09
DM_RNA_BSU28260,3.7910177863926164e-09
DM_RNA_BSU31580,0.0
DM_RNA_BSU19230,0.0
DM_RNA_BSU27250,0.0
DM_RNA_BSU27260,1.8067832327328943e-11
DM_RNA_BSU27270,1.175243085049039e-10
DM_RNA_BSU40910,0.0
DM_RNA_BSU40890,0.0
DM_RNA_BSU_tRNA_73,0.0
DM_RNA_BSU37330,0.0
DM_RNA_BSU03270,0.0
DM_RNA_BSU00090,0.0
DM_RNA_BSU36590,0.0
DM_RNA_BSU29220,0.0
DM_RNA_BSU38170,0.0
DM_RNA_BSU38140,0.0
DM_RNA_BSU38150,0.0
DM_RNA_BSU38160,0.0
DM_RNA_BSU29600,0.0
DM_RNA_BSU40040,0.0
DM_RNA_BSU38490,0.0
DM_RNA_BSU00920,2.938106720274716e-11
DM_RNA_BSU00930,2.938106720274716e-11
DM_RNA_BSU00940,0.0
DM_RNA_BSU08650,0.0
DM_RNA_BSU30430,0.0
DM_RNA_BSU30420,0.0
DM_RNA_BSU30450,0.0
DM_RNA_BSU30410,0.0
DM_RNA_BSU30440,0.0
DM_RNA_BSU27910,7.302587302556802e-10
DM_RNA_BSU27900,0.0
DM_RNA_BSU14860,0.0
DM_RNA_BSU22550,0.0
DM_RNA_BSU22540,0.0
DM_RNA_BSU22560,0.0
DM_RNA_BSU25260,0.0
DM_RNA_BSU25270,0.0
DM_RNA_BSU06150,0.0
DM_RNA_BSU06160,0.0
DM_RNA_BSU31180,0.0
DM_RNA_BSU31200,0.0
DM_RNA_BSU28230,0.0
DM_RNA_BSU09540,0.0
DM_RNA_BSU09530,1.0263984054065958e-09
DM_RNA_BSU02350,0.0
DM_RNA_BSU02360,0.0
DM_RNA_BSU23800,0.0
DM_RNA_BSU34200,0.0
DM_RNA_BSU37320,0.0
DM_RNA_BSU37710,0.0
DM_RNA_BSU11240,2.532433597081998e-10
DM_RNA_BSU11190,2.485487925128697e-10
DM_RNA_BSU11230,2.532433597081998e-10
DM_RNA_BSU11200,2.872544088092228e-10
DM_RNA_BSU11210,0.0
DM_RNA_BSU11220,1.8344724951660757e-10
DM_RNA_BSU11250,2.0847938120465385e-10
DM_RNA_BSU11880,6.057493173000614e-10
DM_RNA_BSU11870,0.0
DM_RNA_BSU33510,0.0
DM_RNA_BSU33500,0.0
DM_RNA_BSU39780,0.0
DM_RNA_BSU12950,0.0
DM_RNA_BSU12940,0.0
DM_RNA_BSU12960,0.0
DM_RNA_BSU12920,0.0
DM_RNA_BSU12930,0.0
DM_RNA_BSU18410,0.0
DM_RNA_BSU04360,0.0
DM_RNA_BSU00910,0.0
DM_RNA_BSU00900,0.0
DM_RNA_BSU21770,0.0
DM_RNA_BSU03220,0.0
DM_RNA_BSU32200,0.0
DM_RNA_BSU36010,0.0
DM_RNA_BSU36000,2.373402228926669e-09
DM_RNA_BSU32250,1.4574000846758044e-09
DM_RNA_BSU32260,0.0
DM_RNA_BSU32240,1.3987242399608652e-09
DM_RNA_BSU16100,0.0
DM_RNA_BSU16090,0.0
DM_RNA_BSU23070,0.0
DM_RNA_BSU28560,3.927302400232925e-10
DM_RNA_BSU28540,0.0
DM_RNA_BSU02850,0.0
DM_RNA_BSU02860,0.0
DM_RNA_BSU02870,0.0
DM_RNA_BSU17410,0.0
DM_RNA_BSU11010,0.0
DM_RNA_BSU03150,0.0
DM_RNA_BSU25550,0.0
DM_RNA_BSU15650,0.0
DM_RNA_BSU37120,0.0
DM_RNA_BSU37110,1.7175757161455686e-08
DM_RNA_BSU23850,0.0
DM_RNA_BSU32480,0.0
DM_RNA_BSU32500,0.0
DM_RNA_BSU32470,0.0
DM_RNA_BSU32490,0.0
DM_RNA_BSU32510,0.0
DM_RNA_BSU_tRNA_7,0.0
DM_RNA_BSU_rRNA_4,0.0
DM_RNA_BSU_tRNA_8,0.0
DM_RNA_BSU_tRNA_9,0.0
DM_RNA_BSU_rRNA_5,0.0
DM_RNA_BSU_rRNA_26,0.0
DM_RNA_BSU00270,0.0
DM_RNA_BSU00280,0.0
DM_RNA_BSU00460,0.0
DM_RNA_BSU00550,0.0
DM_RNA_BSU_tRNA_10,0.0
DM_RNA_BSU00680,0.0
DM_RNA_BSU_rRNA_9,0.0
DM_RNA_BSU_rRNA_10,0.0
DM_RNA_BSU_rRNA_11,0.0
DM_RNA_BSU01010,0.0
DM_RNA_BSU01080,0.0
DM_RNA_BSU01100,0.0
DM_RNA_BSU01110,0.0
DM_RNA_BSU01120,0.0
DM_RNA_BSU01130,0.0
DM_RNA_BSU01150,0.0
DM_RNA_BSU01200,0.0
DM_RNA_BSU01220,0.0
DM_RNA_BSU01230,0.0
DM_RNA_BSU01250,0.0
DM_RNA_BSU01260,0.0
DM_RNA_BSU01290,0.0
DM_RNA_BSU01300,0.0
DM_RNA_BSU01310,0.0
DM_RNA_BSU01320,0.0
DM_RNA_BSU01330,0.0
DM_RNA_BSU01340,0.0
DM_RNA_BSU01350,0.0
DM_RNA_BSU01370,0.0
DM_RNA_BSU01380,0.0
DM_RNA_BSU01390,0.0
DM_RNA_BSU01400,0.0
DM_RNA_BSU01410,0.0
DM_RNA_BSU01420,0.0
DM_RNA_BSU01430,0.0
DM_RNA_BSU01500,0.0
DM_RNA_BSU_rRNA_23,0.0
DM_RNA_BSU_rRNA_14,0.0
DM_RNA_BSU_rRNA_15,0.0
DM_RNA_BSU_tRNA_23,0.0
DM_RNA_BSU_tRNA_24,0.0
DM_RNA_BSU_tRNA_25,0.0
DM_RNA_BSU_tRNA_26,0.0
DM_RNA_BSU_tRNA_27,0.0
DM_RNA_BSU_tRNA_28,0.0
DM_RNA_BSU_rRNA_16,0.0
DM_RNA_BSU_rRNA_29,0.0
DM_RNA_BSU_rRNA_24,0.0
DM_RNA_BSU_rRNA_25,0.0
DM_RNA_BSU_rRNA_27,0.0
DM_RNA_BSU_rRNA_28,0.0
DM_RNA_BSU01580,0.0
DM_RNA_BSU01680,0.0
DM_RNA_BSU02340,0.0
DM_RNA_BSU02400,0.0
DM_RNA_BSU03950,0.0
DM_RNA_BSU04560,0.0
DM_RNA_BSU04570,0.0
DM_RNA_BSU04620,0.0
DM_RNA_BSU04640,0.0
DM_RNA_BSU_tRNA_45,0.0
DM_RNA_BSU_tRNA_46,0.0
DM_RNA_BSU_tRNA_47,0.0
DM_RNA_BSU_tRNA_48,0.0
DM_RNA_BSU_tRNA_49,0.0
DM_RNA_BSU_tRNA_50,0.0
DM_RNA_BSU_tRNA_51,0.0
DM_RNA_BSU05340,0.0
DM_RNA_BSU_tRNA_79,0.0
DM_RNA_BSU_tRNA_80,0.0
DM_RNA_BSU_rRNA_30,0.0
DM_RNA_BSU_rRNA_12,0.0
DM_RNA_BSU_rRNA_13,0.0
DM_RNA_BSU_tRNA_21,0.0
DM_RNA_BSU_tRNA_22,0.0
DM_RNA_BSU05900,0.0
DM_RNA_BSU06170,0.0
DM_RNA_BSU06670,0.0
DM_RNA_BSU06680,0.0
DM_RNA_BSU06690,0.0
DM_RNA_BSU06730,0.0
DM_RNA_BSU06970,0.0
DM_RNA_BSU06980,0.0
DM_RNA_BSU06990,0.0
DM_RNA_BSU08710,0.0
DM_RNA_BSU_rRNA_22,0.0
DM_RNA_BSU_rRNA_17,0.0
DM_RNA_BSU_rRNA_18,0.0
DM_RNA_BSU_tRNA_29,0.0
DM_RNA_BSU_tRNA_30,0.0
DM_RNA_BSU_tRNA_31,0.0
DM_RNA_BSU_tRNA_32,0.0
DM_RNA_BSU_tRNA_33,0.0
DM_RNA_BSU_tRNA_34,0.0
DM_RNA_BSU_tRNA_35,0.0
DM_RNA_BSU_tRNA_36,0.0
DM_RNA_BSU_tRNA_37,0.0
DM_RNA_BSU_tRNA_38,0.0
DM_RNA_BSU_tRNA_39,0.0
DM_RNA_BSU_tRNA_40,0.0
DM_RNA_BSU_tRNA_41,0.0
DM_RNA_BSU_tRNA_42,0.0
DM_RNA_BSU_tRNA_43,0.0
DM_RNA_BSU_tRNA_44,0.0
DM_RNA_BSU08790,0.0
DM_RNA_BSU_tRNA_82,0.0
DM_RNA_BSU09240,0.0
DM_RNA_BSU09310,0.0
DM_RNA_BSU09680,0.0
DM_RNA_BSU09850,0.0
DM_RNA_BSU10020,0.0
DM_RNA_BSU10220,0.0
DM_RNA_BSU10360,0.0
DM_RNA_BSU10870,0.0
DM_RNA_BSU11610,0.0
DM_RNA_BSU11640,0.0
DM_RNA_BSU_tRNA_83,0.0
DM_RNA_BSU12080,0.0
DM_RNA_BSU12160,0.0
DM_RNA_BSU13110,0.0
DM_RNA_BSU13180,0.0
DM_RNA_BSU13730,0.0
DM_RNA_BSU13960,0.0
DM_RNA_BSU14000,0.0
DM_RNA_BSU14180,0.0
DM_RNA_BSU14190,0.0
DM_RNA_BSU14520,0.0
DM_RNA_BSU14670,0.0
DM_RNA_BSU14830,0.0
DM_RNA_BSU15020,0.0
DM_RNA_BSU15080,0.0
DM_RNA_BSU15350,0.0
DM_RNA_BSU15430,0.0
DM_RNA_BSU15680,0.0
DM_RNA_BSU15690,0.0
DM_RNA_BSU15700,0.0
DM_RNA_BSU15720,0.0
DM_RNA_BSU15730,0.0
DM_RNA_BSU15750,0.0
DM_RNA_BSU15790,0.0
DM_RNA_BSU15850,0.0
DM_RNA_BSU15860,0.0
DM_RNA_BSU16020,0.0
DM_RNA_BSU16490,0.0
DM_RNA_BSU16500,0.0
DM_RNA_BSU16510,0.0
DM_RNA_BSU16520,0.0
DM_RNA_BSU16530,0.0
DM_RNA_BSU16540,0.0
DM_RNA_BSU16550,0.0
DM_RNA_BSU16570,0.0
DM_RNA_BSU16670,0.0
DM_RNA_BSU16680,0.0
DM_RNA_BSU16690,0.0
DM_RNA_BSU16960,0.0
DM_RNA_BSU16990,0.0
DM_RNA_BSU17000,0.0
DM_RNA_BSU17660,0.0
DM_RNA_BSU_tRNA_85,0.0
DM_RNA_BSU18480,0.0
DM_RNA_BSU18540,0.0
DM_RNA_BSU18570,0.0
DM_RNA_BSU18830,0.0
DM_RNA_BSU19310,0.0
DM_RNA_BSU19520,0.0
DM_RNA_BSU19630,0.0
DM_RNA_BSU19690,0.0
DM_RNA_BSU19710,0.0
DM_RNA_BSU20020,0.0
DM_RNA_BSU20250,0.0
DM_RNA_BSU21690,0.0
DM_RNA_BSU21810,0.0
DM_RNA_BSU21820,0.0
DM_RNA_BSU21900,0.0
DM_RNA_BSU21920,0.0
DM_RNA_BSU22130,0.0
DM_RNA_BSU22140,0.0
DM_RNA_BSU22360,0.0
DM_RNA_BSU22370,0.0
DM_RNA_BSU22410,0.0
DM_RNA_BSU22420,0.0
DM_RNA_BSU22430,0.0
DM_RNA_BSU22690,0.0
DM_RNA_BSU22700,0.0
DM_RNA_BSU22710,0.0
DM_RNA_BSU22730,0.0
DM_RNA_BSU22740,0.0
DM_RNA_BSU22750,0.0
DM_RNA_BSU22760,0.0
DM_RNA_BSU22830,0.0
DM_RNA_BSU22870,0.0
DM_RNA_BSU22890,0.0
DM_RNA_BSU23380,0.0
DM_RNA_BSU23560,0.0
DM_RNA_BSU23610,0.0
DM_RNA_BSU23920,0.0
DM_RNA_BSU23960,0.0
DM_RNA_BSU23970,0.0
DM_RNA_BSU23980,0.0
DM_RNA_BSU24270,0.0
DM_RNA_BSU24280,0.0
DM_RNA_BSU24850,0.0
DM_RNA_BSU25020,0.0
DM_RNA_BSU25160,0.0
DM_RNA_BSU25310,0.0
DM_RNA_BSU25410,0.0
DM_RNA_BSU25640,0.0
DM_RNA_BSU25660,0.0
DM_RNA_BSU25900,0.0
DM_RNA_BSU26640,0.0
DM_RNA_BSU26650,0.0
DM_RNA_BSU26810,0.0
DM_RNA_BSU26860,0.0
DM_RNA_BSU27200,0.0
DM_RNA_BSU27220,0.0
DM_RNA_BSU27320,0.0
DM_RNA_BSU27330,0.0
DM_RNA_BSU27410,0.0
DM_RNA_BSU27550,0.0
DM_RNA_BSU27560,0.0
DM_RNA_BSU_tRNA_84,0.0
DM_RNA_BSU28370,0.0
DM_RNA_BSU28390,0.0
DM_RNA_BSU28680,0.0
DM_RNA_BSU29050,0.0
DM_RNA_BSU29440,0.0
DM_RNA_BSU29450,0.0
DM_RNA_BSU30870,0.0
DM_RNA_BSU31050,0.0
DM_RNA_BSU31060,0.0
DM_RNA_BSU31090,0.0
DM_RNA_BSU31100,0.0
DM_RNA_BSU_tRNA_86,0.0
DM_RNA_BSU31150,0.0
DM_RNA_BSU31400,0.0
DM_RNA_BSU31600,0.0
DM_RNA_BSU31760,0.0
DM_RNA_BSU32100,0.0
DM_RNA_BSU32170,0.0
DM_RNA_BSU32180,0.0
DM_RNA_BSU32680,0.0
DM_RNA_BSU33160,0.0
DM_RNA_BSU33170,0.0
DM_RNA_BSU33180,0.0
DM_RNA_BSU33290,0.0
DM_RNA_BSU33300,0.0
DM_RNA_BSU33310,0.0
DM_RNA_BSU33330,0.0
DM_RNA_BSU33380,0.0
DM_RNA_BSU33390,0.0
DM_RNA_BSU33420,0.0
DM_RNA_BSU33490,0.0
DM_RNA_BSU_tRNA_81,0.0
DM_RNA_BSU34550,0.0
DM_RNA_BSU34560,0.0
DM_RNA_BSU34570,0.0
DM_RNA_BSU34590,0.0
DM_RNA_BSU34600,0.0
DM_RNA_BSU34610,0.0
DM_RNA_BSU34660,0.0
DM_RNA_BSU34790,0.0
DM_RNA_BSU34860,0.0
DM_RNA_BSU34870,0.0
DM_RNA_BSU34880,0.0
DM_RNA_BSU34890,0.0
DM_RNA_BSU34900,0.0
DM_RNA_BSU34910,0.0
DM_RNA_BSU34920,0.0
DM_RNA_BSU35530,0.0
DM_RNA_BSU35680,0.0
DM_RNA_BSU35690,0.0
DM_RNA_BSU35700,0.0
DM_RNA_BSU35710,0.0
DM_RNA_BSU36030,0.0
DM_RNA_BSU36120,0.0
DM_RNA_BSU36130,0.0
DM_RNA_BSU36370,0.0
DM_RNA_BSU36710,0.0
DM_RNA_BSU37010,0.0
DM_RNA_BSU37060,0.0
DM_RNA_BSU37080,0.0
DM_RNA_BSU37100,0.0
DM_RNA_BSU37190,0.0
DM_RNA_BSU37240,0.0
DM_RNA_BSU38240,0.0
DM_RNA_BSU38390,0.0
DM_RNA_BSU_tRNA_1,0.0
DM_RNA_BSU_tRNA_2,0.0
DM_RNA_BSU_tRNA_3,0.0
DM_RNA_BSU_tRNA_4,0.0
DM_RNA_BSU40850,0.0
DM_RNA_BSU41050,0.0
DM_RNA_dummy,0.0
